states,tasks,returning_ring,normalized_edges,summary_arcs,live,wall_seconds,whole_graph_oracle_used
8,1,0,8,0,1,0.0002409810000045809,1
8,1,1,9,1,0,0.00031805499999393305,1
8,4,0,8,0,1,0.00017447700000161603,1
8,4,1,9,1,0,0.00028342000000236567,1
8,8,0,8,0,1,0.00016325400000027912,1
8,8,1,9,1,0,0.00037106299998868053,1
16,1,0,16,0,1,0.0005355210000033139,1
16,1,1,17,1,0,0.0005479140000090865,1
16,4,0,16,0,1,0.0004324880000012854,1
16,4,1,17,1,0,0.0005950909999938858,1
16,8,0,16,0,1,0.0004484379999922794,1
16,8,1,17,1,0,0.00066343999999674,1
32,1,0,32,0,1,0.001927270999999564,1
32,1,1,33,1,0,0.001930185999995615,1
32,4,0,32,0,1,0.001955283000000918,1
32,4,1,33,1,0,0.0020796059999952377,1
32,8,0,32,0,1,0.0019107399999995778,1
32,8,1,33,1,0,0.0022108400000036,1
64,1,0,64,0,1,0.010157117000005655,1
64,1,1,65,1,0,0.009844252000007714,1
64,4,0,64,0,1,0.009764363000002163,1
64,4,1,65,1,0,0.010024869000005765,1
64,8,0,64,0,1,0.009223010999988901,0
64,8,1,65,1,0,0.010187432999998691,0
128,1,0,128,0,1,0.06706962699999508,1
128,1,1,129,1,0,0.07216008799998974,1
128,4,0,128,0,1,0.06805728199999805,1
128,4,1,129,1,0,0.06848298900000316,1
128,8,0,128,0,1,0.06696106399999735,0
128,8,1,129,1,0,0.06858052100000123,0
